Target,MAE,RMSE,R2,MAPE
hx_1_heat_load_kw,0.7106301874942103,0.8834368862472397,0.997862931512918,0.6979640036643268
hot_outlet_temperature_k,0.1684218687385291,0.20935383925739254,0.9978731855201532,0.045763894446863955
cold_outlet_temperature_k,2.2760104911867527e-13,2.278279689539949e-13,0.9999999998961888,1.1314935004980103e-14
